PROFILE_ID,PROFILE_URL,PUBLIC_ID,FIRSTNAME,LASTNAME,FULLNAME,OCCUPATION,PROFILE_PICTURE,BACKGROUND_PICTURE,PROFILE_TYPE,REACTION_TYPE,POST_URL,DATE_EXTRACT
ACoAACSjIoQB0xaXF1MZ-YzFciOXkyJtP1fvrcA,https://www.linkedin.com/in/jeremyravenel/,steele-zy,Zephyr,Steele,Zephyr Steele,JavaScript Developer | Frontend & Backend | SaaS | Freelance | Looking for opportunity,https://media.licdn.com/dms/image/C5603AQG_Sw9npO7vIg/profile-displayphoto-shrink_400_400/0/1627385878879?e=1697673600&v=beta&t=Ouf2QUT5RFKIMapuSQ3dzG635l2f3hZbKbkowJwjcl0,https://media.licdn.com/dms/image/C5616AQE7BTF4BPXHVA/profile-displaybackgroundimage-shrink_350_1400/0/1612779793224?e=1697673600&v=beta&t=7gOZQfq-1si0YPi5NOsbvYt6bcAM-t1xdHSlHtD7xSQ,PROFILE,LIKE,https://www.linkedin.com/feed/update/urn:li:activity:7089300798962028544,2023-08-14 15:11:39
ACoAADjqxGABbMgGBEYoluIePIpI_yQ63-0cPGY,https://www.linkedin.com/in/jeremyravenel/,Zephyr Storme-zs,Zephyr,Storme,Zephyr Storme,--,https://media.licdn.com/dms/image/C5603AQG_Sw9npO7vIg/profile-displayphoto-shrink_400_400/0/1627385878879?e=1697673600&v=beta&t=Ouf2QUT5RFKIMapuSQ3dzG635l2f3hZbKbkowJwjcl0,https://media.licdn.com/dms/image/C5616AQE7BTF4BPXHVA/profile-displaybackgroundimage-shrink_350_1400/0/1612779793224?e=1697673600&v=beta&t=7gOZQfq-1si0YPi5NOsbvYt6bcAM-t1xdHSlHtD7xSQ,PROFILE,LIKE,https://www.linkedin.com/feed/update/urn:li:activity:7089300798962028544,2023-08-14 15:11:39
ACoAACE0ZvgBRv3NNs4t7UPkIH6kYZ2SOy7y6cI,https://www.linkedin.com/in/jeremyravenel/,maximus-st ,Maximus,Stone,Maximus Stone,"Machine Learning Engineer | D&A Consultant at EY | ""Let's Talk AI"" Podcast Host",https://media.licdn.com/dms/image/C5603AQG_Sw9npO7vIg/profile-displayphoto-shrink_400_400/0/1627385878879?e=1697673600&v=beta&t=Ouf2QUT5RFKIMapuSQ3dzG635l2f3hZbKbkowJwjcl0,https://media.licdn.com/dms/image/C5616AQE7BTF4BPXHVA/profile-displaybackgroundimage-shrink_350_1400/0/1612779793224?e=1697673600&v=beta&t=7gOZQfq-1si0YPi5NOsbvYt6bcAM-t1xdHSlHtD7xSQ,PROFILE,LIKE,https://www.linkedin.com/feed/update/urn:li:activity:7089300798962028544,2023-08-14 15:11:39
ACoAABWyjPgB0ji-_OihMLLVrzX3ph9zusUmrVo,https://www.linkedin.com/in/jeremyravenel/,sterling-ma,Maximus,Sterling,Maximus Sterling,ZA Digital,https://media.licdn.com/dms/image/C5603AQG_Sw9npO7vIg/profile-displayphoto-shrink_400_400/0/1627385878879?e=1697673600&v=beta&t=Ouf2QUT5RFKIMapuSQ3dzG635l2f3hZbKbkowJwjcl0,https://media.licdn.com/dms/image/C5616AQE7BTF4BPXHVA/profile-displaybackgroundimage-shrink_350_1400/0/1612779793224?e=1697673600&v=beta&t=7gOZQfq-1si0YPi5NOsbvYt6bcAM-t1xdHSlHtD7xSQ,PROFILE,LIKE,https://www.linkedin.com/feed/update/urn:li:activity:7089300798962028544,2023-08-14 15:11:39
ACoAABU3vVgBqcViM5M2jLEtHeddMPnVz7EC9pQ,https://www.linkedin.com/in/jeremyravenel/,ventura-ee,Eliana,Ventura,Eliana Ventura,Data Engineer @ Fractal | Open Source Contributor at naas.ai | PowerBI Certified Associate | Ex - WirelessDNA Ex - Ingram | Data Analyst | Data Science | PowerApps | CSD | S/W Engg | Blog @codesocial.net,https://media.licdn.com/dms/image/C5603AQG_Sw9npO7vIg/profile-displayphoto-shrink_400_400/0/1627385878879?e=1697673600&v=beta&t=Ouf2QUT5RFKIMapuSQ3dzG635l2f3hZbKbkowJwjcl0,https://media.licdn.com/dms/image/C5616AQE7BTF4BPXHVA/profile-displaybackgroundimage-shrink_350_1400/0/1612779793224?e=1697673600&v=beta&t=7gOZQfq-1si0YPi5NOsbvYt6bcAM-t1xdHSlHtD7xSQ,PROFILE,APPRECIATION,https://www.linkedin.com/feed/update/urn:li:activity:7089300798962028544,2023-08-14 15:11:39
ACoAACpHT6MBKULlrgZHrRmuoVmW3b3WVJAZifM,https://www.linkedin.com/in/jeremyravenel/,Zenith-St@student,Zenith,Stellan,Zenith Stellan,microsoft excel programming.üáÆüá©,https://media.licdn.com/dms/image/C5603AQG_Sw9npO7vIg/profile-displayphoto-shrink_400_400/0/1627385878879?e=1697673600&v=beta&t=Ouf2QUT5RFKIMapuSQ3dzG635l2f3hZbKbkowJwjcl0,https://media.licdn.com/dms/image/C5616AQE7BTF4BPXHVA/profile-displaybackgroundimage-shrink_350_1400/0/1612779793224?e=1697673600&v=beta&t=7gOZQfq-1si0YPi5NOsbvYt6bcAM-t1xdHSlHtD7xSQ,PROFILE,LIKE,https://www.linkedin.com/feed/update/urn:li:activity:7089300798962028544,2023-08-14 15:11:39
ACoAACYz11UBCVJUFf2mCyVLjtyiJWzudLHxQu8,https://www.linkedin.com/in/jeremyravenel/,jasmine-storm,Jasmine,Storm,Jasmine Storm,Data Scientist @Ewattch | hindahajjam.com,https://media.licdn.com/dms/image/C5603AQG_Sw9npO7vIg/profile-displayphoto-shrink_400_400/0/1627385878879?e=1697673600&v=beta&t=Ouf2QUT5RFKIMapuSQ3dzG635l2f3hZbKbkowJwjcl0,https://media.licdn.com/dms/image/C5616AQE7BTF4BPXHVA/profile-displaybackgroundimage-shrink_350_1400/0/1612779793224?e=1697673600&v=beta&t=7gOZQfq-1si0YPi5NOsbvYt6bcAM-t1xdHSlHtD7xSQ,PROFILE,LIKE,https://www.linkedin.com/feed/update/urn:li:activity:7089300798962028544,2023-08-14 15:11:39
ACoAAAG50TIB7_wBRAENhzczFUujTWGGqXM1KNw,https://www.linkedin.com/in/jeremyravenel/,phoenix-ry,Phoenix,Ryder,Phoenix Ryder,"Sr. Data Scientist, Echo Global Logistics | Founder, Integrated ML & AI | Multi-Physics Engineer",https://media.licdn.com/dms/image/C5603AQG_Sw9npO7vIg/profile-displayphoto-shrink_400_400/0/1627385878879?e=1697673600&v=beta&t=Ouf2QUT5RFKIMapuSQ3dzG635l2f3hZbKbkowJwjcl0,https://media.licdn.com/dms/image/C5616AQE7BTF4BPXHVA/profile-displaybackgroundimage-shrink_350_1400/0/1612779793224?e=1697673600&v=beta&t=7gOZQfq-1si0YPi5NOsbvYt6bcAM-t1xdHSlHtD7xSQ,PROFILE,LIKE,https://www.linkedin.com/feed/update/urn:li:activity:7089300798962028544,2023-08-14 15:11:39
ACoAAARVYiwBmS1bVPytRrY9F_uGZJyMV2j7kkY,https://www.linkedin.com/in/jeremyravenel/,jaxon-ste,Zephyr,Storm,Zephyr Storm,"Machine Learning, Data Science, Data Engineer",https://media.licdn.com/dms/image/C5603AQG_Sw9npO7vIg/profile-displayphoto-shrink_400_400/0/1627385878879?e=1697673600&v=beta&t=Ouf2QUT5RFKIMapuSQ3dzG635l2f3hZbKbkowJwjcl0,https://media.licdn.com/dms/image/C5616AQE7BTF4BPXHVA/profile-displaybackgroundimage-shrink_350_1400/0/1612779793224?e=1697673600&v=beta&t=7gOZQfq-1si0YPi5NOsbvYt6bcAM-t1xdHSlHtD7xSQ,PROFILE,LIKE,https://www.linkedin.com/feed/update/urn:li:activity:7089300798962028544,2023-08-14 15:11:39
ACoAACwopE4B5YE7vapaPpbUb84Zn5VNEg-pVr8,https://www.linkedin.com/in/jeremyravenel/,xavier-steele,Xavier,Steele,Xavier Steele,Data Science Enthusiastic | Machine Learning | Data Viz | Content Creator,https://media.licdn.com/dms/image/C5603AQG_Sw9npO7vIg/profile-displayphoto-shrink_400_400/0/1627385878879?e=1697673600&v=beta&t=Ouf2QUT5RFKIMapuSQ3dzG635l2f3hZbKbkowJwjcl0,https://media.licdn.com/dms/image/C5616AQE7BTF4BPXHVA/profile-displaybackgroundimage-shrink_350_1400/0/1612779793224?e=1697673600&v=beta&t=7gOZQfq-1si0YPi5NOsbvYt6bcAM-t1xdHSlHtD7xSQ,PROFILE,LIKE,https://www.linkedin.com/feed/update/urn:li:activity:7089300798962028544,2023-08-14 15:11:39
ACoAACDZ4uIBbLk7Fpto5gpKIcNiaYeB5j1GmxI,https://www.linkedin.com/in/jeremyravenel/,storm-ki,Kieran,Storm,Kieran Storm,Researcher @LUMS| Engineer | Langchain | GPT-Index | LLama Index | Expert,https://media.licdn.com/dms/image/C5603AQG_Sw9npO7vIg/profile-displayphoto-shrink_400_400/0/1627385878879?e=1697673600&v=beta&t=Ouf2QUT5RFKIMapuSQ3dzG635l2f3hZbKbkowJwjcl0,https://media.licdn.com/dms/image/C5616AQE7BTF4BPXHVA/profile-displaybackgroundimage-shrink_350_1400/0/1612779793224?e=1697673600&v=beta&t=7gOZQfq-1si0YPi5NOsbvYt6bcAM-t1xdHSlHtD7xSQ,PROFILE,LIKE,https://www.linkedin.com/feed/update/urn:li:activity:7089300798962028544,2023-08-14 15:11:39
ACoAAAa5py0Bzrp5_7OmHIsNP6ScupfgxJfODzo,https://www.linkedin.com/in/jeremyravenel/,maxwell-kn,Maxwell,Knight,Maxwell Knight,Bridging the gap between data and strategy ‚ú¶ Lead Data Strategy Consultant @ Redkite ‚ú¶ R Programmer ‚ú¶ Policy Nerd,https://media.licdn.com/dms/image/C5603AQG_Sw9npO7vIg/profile-displayphoto-shrink_400_400/0/1627385878879?e=1697673600&v=beta&t=Ouf2QUT5RFKIMapuSQ3dzG635l2f3hZbKbkowJwjcl0,https://media.licdn.com/dms/image/C5616AQE7BTF4BPXHVA/profile-displaybackgroundimage-shrink_350_1400/0/1612779793224?e=1697673600&v=beta&t=7gOZQfq-1si0YPi5NOsbvYt6bcAM-t1xdHSlHtD7xSQ,PROFILE,LIKE,https://www.linkedin.com/feed/update/urn:li:activity:7089300798962028544,2023-08-14 15:11:39
ACoAAAPVK1IBJrwyQVly8u2I2FsDHlmOnzGWdr4,https://www.linkedin.com/in/jeremyravenel/,rex-aa,Rex,Sterling,Rex Sterling,"AI Product @Amazon | Startup Investor | 2X Linkedin Top Voice - 2021 Tech & Innovation, 2020 Data Science & AI | Quantum Computing & Web 3.0 | I use technology to scale and improve compliance processes | Content Creator",https://media.licdn.com/dms/image/C5603AQG_Sw9npO7vIg/profile-displayphoto-shrink_400_400/0/1627385878879?e=1697673600&v=beta&t=Ouf2QUT5RFKIMapuSQ3dzG635l2f3hZbKbkowJwjcl0,https://media.licdn.com/dms/image/C5616AQE7BTF4BPXHVA/profile-displaybackgroundimage-shrink_350_1400/0/1612779793224?e=1697673600&v=beta&t=7gOZQfq-1si0YPi5NOsbvYt6bcAM-t1xdHSlHtD7xSQ,PROFILE,PRAISE,https://www.linkedin.com/feed/update/urn:li:activity:7089300798962028544,2023-08-14 15:11:39
ACoAACEIXXwBsbia0ncyNY76v-lPy4cQbUI8_R8,https://www.linkedin.com/in/jeremyravenel/,max-th,Max,Thunder,Max Thunder,üöÄ GPT & Data Engineer at Stealth Startup | üë®üèª‚ÄçüíªMember @ McKinsey & Co. | AI | ML | Data Science | ü§ó Hugging Face | üêç Python | ‚öôÔ∏è Backend | üíª Frontend | üêß Linux | üóÑÔ∏è SQL | üìÉ NoSQL | üöÄ Deployment | üåê WordPress,https://media.licdn.com/dms/image/C5603AQG_Sw9npO7vIg/profile-displayphoto-shrink_400_400/0/1627385878879?e=1697673600&v=beta&t=Ouf2QUT5RFKIMapuSQ3dzG635l2f3hZbKbkowJwjcl0,https://media.licdn.com/dms/image/C5616AQE7BTF4BPXHVA/profile-displaybackgroundimage-shrink_350_1400/0/1612779793224?e=1697673600&v=beta&t=7gOZQfq-1si0YPi5NOsbvYt6bcAM-t1xdHSlHtD7xSQ,PROFILE,INTEREST,https://www.linkedin.com/feed/update/urn:li:activity:7089300798962028544,2023-08-14 15:11:39
ACoAABTLXkwBrVyFRSNuQ2kwbFeQ1uyo_W47nb0,https://www.linkedin.com/in/jeremyravenel/,blaze-aa,Blaze,Rivers,Blaze Rivers,Data Engineer at MUTT DATA,https://media.licdn.com/dms/image/C5603AQG_Sw9npO7vIg/profile-displayphoto-shrink_400_400/0/1627385878879?e=1697673600&v=beta&t=Ouf2QUT5RFKIMapuSQ3dzG635l2f3hZbKbkowJwjcl0,https://media.licdn.com/dms/image/C5616AQE7BTF4BPXHVA/profile-displaybackgroundimage-shrink_350_1400/0/1612779793224?e=1697673600&v=beta&t=7gOZQfq-1si0YPi5NOsbvYt6bcAM-t1xdHSlHtD7xSQ,PROFILE,LIKE,https://www.linkedin.com/feed/update/urn:li:activity:7089300798962028544,2023-08-14 15:11:39
ACoAAAA3Zt0B4C0t6XmWka-0hypT9Luaa9dvM0s,https://www.linkedin.com/in/jeremyravenel/,name-lc,Luna,Celeste,Luna Celeste,Chief of Staff to the CTO at Red Hat - Author - Keynote Speaker - Start-up Advisor,https://media.licdn.com/dms/image/C5603AQG_Sw9npO7vIg/profile-displayphoto-shrink_400_400/0/1627385878879?e=1697673600&v=beta&t=Ouf2QUT5RFKIMapuSQ3dzG635l2f3hZbKbkowJwjcl0,https://media.licdn.com/dms/image/C5616AQE7BTF4BPXHVA/profile-displaybackgroundimage-shrink_350_1400/0/1612779793224?e=1697673600&v=beta&t=7gOZQfq-1si0YPi5NOsbvYt6bcAM-t1xdHSlHtD7xSQ,PROFILE,LIKE,https://www.linkedin.com/feed/update/urn:li:activity:7089300798962028544,2023-08-14 15:11:39
ACoAABub6aIBaA7HieEI5VizHglQPohLA_Wptag,https://www.linkedin.com/in/jeremyravenel/,leo-da,Leo,D'Angelo,Leo D'Angelo,Founder and CEO @ OpenBB ü¶ã,https://media.licdn.com/dms/image/C5603AQG_Sw9npO7vIg/profile-displayphoto-shrink_400_400/0/1627385878879?e=1697673600&v=beta&t=Ouf2QUT5RFKIMapuSQ3dzG635l2f3hZbKbkowJwjcl0,https://media.licdn.com/dms/image/C5616AQE7BTF4BPXHVA/profile-displaybackgroundimage-shrink_350_1400/0/1612779793224?e=1697673600&v=beta&t=7gOZQfq-1si0YPi5NOsbvYt6bcAM-t1xdHSlHtD7xSQ,PROFILE,PRAISE,https://www.linkedin.com/feed/update/urn:li:activity:7089300798962028544,2023-08-14 15:11:39
ACoAAAsJT20BCLku3-ykCEth4RyLAj1psZW25CU,https://www.linkedin.com/in/jeremyravenel/,xavier-aa,Xavier,Aiden,Xavier Aiden,Co-founder | BAAX üéØ B2B Opportunity Maker üöÄ,https://media.licdn.com/dms/image/C5603AQG_Sw9npO7vIg/profile-displayphoto-shrink_400_400/0/1627385878879?e=1697673600&v=beta&t=Ouf2QUT5RFKIMapuSQ3dzG635l2f3hZbKbkowJwjcl0,https://media.licdn.com/dms/image/C5616AQE7BTF4BPXHVA/profile-displaybackgroundimage-shrink_350_1400/0/1612779793224?e=1697673600&v=beta&t=7gOZQfq-1si0YPi5NOsbvYt6bcAM-t1xdHSlHtD7xSQ,PROFILE,EMPATHY,https://www.linkedin.com/feed/update/urn:li:activity:7089300798962028544,2023-08-14 15:11:39
ACoAAD3sLSoBBguCgR-pchBAOoIafbGMQ0EXE-0,https://www.linkedin.com/in/jeremyravenel/,storm-ma,Maximus,Storm,Maximus Storm,GGSIPU || Open Source Contributor || Chegg,https://media.licdn.com/dms/image/C5603AQG_Sw9npO7vIg/profile-displayphoto-shrink_400_400/0/1627385878879?e=1697673600&v=beta&t=Ouf2QUT5RFKIMapuSQ3dzG635l2f3hZbKbkowJwjcl0,https://media.licdn.com/dms/image/C5616AQE7BTF4BPXHVA/profile-displaybackgroundimage-shrink_350_1400/0/1612779793224?e=1697673600&v=beta&t=7gOZQfq-1si0YPi5NOsbvYt6bcAM-t1xdHSlHtD7xSQ,PROFILE,LIKE,https://www.linkedin.com/feed/update/urn:li:activity:7089300798962028544,2023-08-14 15:11:39
ACoAAAUlvlgB2lZhEzLdc0FRLBnOjM_6RjlSJTM,https://www.linkedin.com/in/jeremyravenel/,xavier-sa,Xavier,Solaris,Xavier Solaris,SITE IT HEAD EAST AFRICA at Novartis,https://media.licdn.com/dms/image/C5603AQG_Sw9npO7vIg/profile-displayphoto-shrink_400_400/0/1627385878879?e=1697673600&v=beta&t=Ouf2QUT5RFKIMapuSQ3dzG635l2f3hZbKbkowJwjcl0,https://media.licdn.com/dms/image/C5616AQE7BTF4BPXHVA/profile-displaybackgroundimage-shrink_350_1400/0/1612779793224?e=1697673600&v=beta&t=7gOZQfq-1si0YPi5NOsbvYt6bcAM-t1xdHSlHtD7xSQ,PROFILE,LIKE,https://www.linkedin.com/feed/update/urn:li:activity:7089300798962028544,2023-08-14 15:11:39
ACoAAAc8wUkBvUkYJH9pGVMoxLgT4S_mWN_C_4U,https://www.linkedin.com/in/jeremyravenel/,everest-ro,Roxie,Everest,Roxie Everest,Chief Analytics Officer chez Hanalytics | Data & Marketing Technologies,https://media.licdn.com/dms/image/C5603AQG_Sw9npO7vIg/profile-displayphoto-shrink_400_400/0/1627385878879?e=1697673600&v=beta&t=Ouf2QUT5RFKIMapuSQ3dzG635l2f3hZbKbkowJwjcl0,https://media.licdn.com/dms/image/C5616AQE7BTF4BPXHVA/profile-displaybackgroundimage-shrink_350_1400/0/1612779793224?e=1697673600&v=beta&t=7gOZQfq-1si0YPi5NOsbvYt6bcAM-t1xdHSlHtD7xSQ,PROFILE,LIKE,https://www.linkedin.com/feed/update/urn:li:activity:7089300798962028544,2023-08-14 15:11:39
ACoAACvs9dsBaJthROQwp2hScN9JsTXcO7xmRpE,https://www.linkedin.com/in/jeremyravenel/,anu-ba,Anu,Balogun,Anu Balogun,Data Analyst | Analytical Engineer(in view),https://media.licdn.com/dms/image/C5603AQG_Sw9npO7vIg/profile-displayphoto-shrink_400_400/0/1627385878879?e=1697673600&v=beta&t=Ouf2QUT5RFKIMapuSQ3dzG635l2f3hZbKbkowJwjcl0,https://media.licdn.com/dms/image/C5616AQE7BTF4BPXHVA/profile-displaybackgroundimage-shrink_350_1400/0/1612779793224?e=1697673600&v=beta&t=7gOZQfq-1si0YPi5NOsbvYt6bcAM-t1xdHSlHtD7xSQ,PROFILE,APPRECIATION,https://www.linkedin.com/feed/update/urn:li:activity:7089300798962028544,2023-08-14 15:11:39
ACoAAAajovEBZaTvKT0qIqHq9ItYb5C1EMVsVSY,https://www.linkedin.com/in/jeremyravenel/,maxsterling-aa,Max,Sterling,Max Sterling,Best-Selling Author | Data Engineer and Architect | Recovering Data Scientist ‚Ñ¢ | Global Keynote Speaker | Professor | Podcaster & Content Creator,https://media.licdn.com/dms/image/C5603AQG_Sw9npO7vIg/profile-displayphoto-shrink_400_400/0/1627385878879?e=1697673600&v=beta&t=Ouf2QUT5RFKIMapuSQ3dzG635l2f3hZbKbkowJwjcl0,https://media.licdn.com/dms/image/C5616AQE7BTF4BPXHVA/profile-displaybackgroundimage-shrink_350_1400/0/1612779793224?e=1697673600&v=beta&t=7gOZQfq-1si0YPi5NOsbvYt6bcAM-t1xdHSlHtD7xSQ,PROFILE,LIKE,https://www.linkedin.com/feed/update/urn:li:activity:7089300798962028544,2023-08-14 15:11:39
ACoAAAD49IYBlb_BOliXF8PKxpQENOTv0yQKWjg,https://www.linkedin.com/in/jeremyravenel/,storm-ja,Jaxon,Storm,Jaxon Storm,Senior Data Analytics Manager at Vodafone,https://media.licdn.com/dms/image/C5603AQG_Sw9npO7vIg/profile-displayphoto-shrink_400_400/0/1627385878879?e=1697673600&v=beta&t=Ouf2QUT5RFKIMapuSQ3dzG635l2f3hZbKbkowJwjcl0,https://media.licdn.com/dms/image/C5616AQE7BTF4BPXHVA/profile-displaybackgroundimage-shrink_350_1400/0/1612779793224?e=1697673600&v=beta&t=7gOZQfq-1si0YPi5NOsbvYt6bcAM-t1xdHSlHtD7xSQ,PROFILE,LIKE,https://www.linkedin.com/feed/update/urn:li:activity:7089300798962028544,2023-08-14 15:11:39
ACoAAC8rni4BTsSJARMuwvb0TADojxFqSuat47M,https://www.linkedin.com/in/jeremyravenel/,stormri-ze,Kaziah,Kavanagh,Kaziah Kavanagh,Data Scientist,https://media.licdn.com/dms/image/C5603AQG_Sw9npO7vIg/profile-displayphoto-shrink_400_400/0/1627385878879?e=1697673600&v=beta&t=Ouf2QUT5RFKIMapuSQ3dzG635l2f3hZbKbkowJwjcl0,https://media.licdn.com/dms/image/C5616AQE7BTF4BPXHVA/profile-displaybackgroundimage-shrink_350_1400/0/1612779793224?e=1697673600&v=beta&t=7gOZQfq-1si0YPi5NOsbvYt6bcAM-t1xdHSlHtD7xSQ,PROFILE,LIKE,https://www.linkedin.com/feed/update/urn:li:activity:7089300798962028544,2023-08-14 15:11:39
ACoAAA0DIxUBJKafW_DraXSSXM-mhutfYMyKlNI,https://www.linkedin.com/in/jeremyravenel/,zephyrstorm,Zephyr,Storm,Zephyr Storm,Senior Salesforce Developer | Frontend Developer at Media.Monks | 1x Salesforce Certified,https://media.licdn.com/dms/image/C5603AQG_Sw9npO7vIg/profile-displayphoto-shrink_400_400/0/1627385878879?e=1697673600&v=beta&t=Ouf2QUT5RFKIMapuSQ3dzG635l2f3hZbKbkowJwjcl0,https://media.licdn.com/dms/image/C5616AQE7BTF4BPXHVA/profile-displaybackgroundimage-shrink_350_1400/0/1612779793224?e=1697673600&v=beta&t=7gOZQfq-1si0YPi5NOsbvYt6bcAM-t1xdHSlHtD7xSQ,PROFILE,LIKE,https://www.linkedin.com/feed/update/urn:li:activity:7089300798962028544,2023-08-14 15:11:39
ACoAAABXaPcBERW6RlBC_4puiHsHTqqvfXZP2ZA,https://www.linkedin.com/in/jeremyravenel/,phoenix-aa,Phoenix,Sterling,Phoenix Sterling,Data Engineering | DataScience | AI & Innovation üöÄ | üëâ Follow me for deep dives on data-engineering and AI. Don't forget to use üîî !,https://media.licdn.com/dms/image/C5603AQG_Sw9npO7vIg/profile-displayphoto-shrink_400_400/0/1627385878879?e=1697673600&v=beta&t=Ouf2QUT5RFKIMapuSQ3dzG635l2f3hZbKbkowJwjcl0,https://media.licdn.com/dms/image/C5616AQE7BTF4BPXHVA/profile-displaybackgroundimage-shrink_350_1400/0/1612779793224?e=1697673600&v=beta&t=7gOZQfq-1si0YPi5NOsbvYt6bcAM-t1xdHSlHtD7xSQ,PROFILE,LIKE,https://www.linkedin.com/feed/update/urn:li:activity:7089300798962028544,2023-08-14 15:11:39
ACoAABeYZewB7-ULdHdVvd79wXEVvuRfAARvCBw,https://www.linkedin.com/in/jeremyravenel/,evander-kn-ht,Evander,Knightly,Evander Knightly,Lead Data Scientist at CoffeeBeans | Ex-CTO | Career Mentor | Discovering life's ultimate purpose | Mentored 500+ the next generation of data scientists using Topmate.io,https://media.licdn.com/dms/image/C5603AQG_Sw9npO7vIg/profile-displayphoto-shrink_400_400/0/1627385878879?e=1697673600&v=beta&t=Ouf2QUT5RFKIMapuSQ3dzG635l2f3hZbKbkowJwjcl0,https://media.licdn.com/dms/image/C5616AQE7BTF4BPXHVA/profile-displaybackgroundimage-shrink_350_1400/0/1612779793224?e=1697673600&v=beta&t=7gOZQfq-1si0YPi5NOsbvYt6bcAM-t1xdHSlHtD7xSQ,PROFILE,LIKE,https://www.linkedin.com/feed/update/urn:li:activity:7089300798962028544,2023-08-14 15:11:39
ACoAAC5LlP0BtWg2TdS_5IspIp4XYk2X5f1zAtI,https://www.linkedin.com/in/jeremyravenel/,nik-jy,Nik,Jaya,Nik Jaya,DevRel @naas.ai | GDSC Lead-22 | MERN developer | OS maintainer & contributor | Technical Writer | Community Advocate @decodecafe | Freelancer,https://media.licdn.com/dms/image/C5603AQG_Sw9npO7vIg/profile-displayphoto-shrink_400_400/0/1627385878879?e=1697673600&v=beta&t=Ouf2QUT5RFKIMapuSQ3dzG635l2f3hZbKbkowJwjcl0,https://media.licdn.com/dms/image/C5616AQE7BTF4BPXHVA/profile-displaybackgroundimage-shrink_350_1400/0/1612779793224?e=1697673600&v=beta&t=7gOZQfq-1si0YPi5NOsbvYt6bcAM-t1xdHSlHtD7xSQ,PROFILE,LIKE,https://www.linkedin.com/feed/update/urn:li:activity:7089300798962028544,2023-08-14 15:11:39
ACoAAA0EtyUB0mJVrFS-7jGUd_7M-QQn6ieczrw,https://www.linkedin.com/in/jeremyravenel/,bryce-aa,Bryce,Ashford,Bryce Ashford,"Strategic advisor | Tech and Data Analytics aficionado | Fueling B2B growth strategies and inovation, generating valuable insights | Truly MESMERIZED with AI",https://media.licdn.com/dms/image/C5603AQG_Sw9npO7vIg/profile-displayphoto-shrink_400_400/0/1627385878879?e=1697673600&v=beta&t=Ouf2QUT5RFKIMapuSQ3dzG635l2f3hZbKbkowJwjcl0,https://media.licdn.com/dms/image/C5616AQE7BTF4BPXHVA/profile-displaybackgroundimage-shrink_350_1400/0/1612779793224?e=1697673600&v=beta&t=7gOZQfq-1si0YPi5NOsbvYt6bcAM-t1xdHSlHtD7xSQ,PROFILE,PRAISE,https://www.linkedin.com/feed/update/urn:li:activity:7089300798962028544,2023-08-14 15:11:39
ACoAAArwUmQB383RimCmkaVj6sK7dpy1hTPe-Zo,https://www.linkedin.com/in/jeremyravenel/,hartwell-ja,Jules,Hartwell,Jules Alexis Hartwell,"üíìWriter / Content Creator available for freelance and contract opps üôãüèª‚Äç‚ôÄÔ∏è Experienced educator & entrepreneur üíªüíìSpecialties: STEM, Business, AI",https://media.licdn.com/dms/image/C5603AQG_Sw9npO7vIg/profile-displayphoto-shrink_400_400/0/1627385878879?e=1697673600&v=beta&t=Ouf2QUT5RFKIMapuSQ3dzG635l2f3hZbKbkowJwjcl0,https://media.licdn.com/dms/image/C5616AQE7BTF4BPXHVA/profile-displaybackgroundimage-shrink_350_1400/0/1612779793224?e=1697673600&v=beta&t=7gOZQfq-1si0YPi5NOsbvYt6bcAM-t1xdHSlHtD7xSQ,PROFILE,INTEREST,https://www.linkedin.com/feed/update/urn:li:activity:7089300798962028544,2023-08-14 15:11:39
ACoAACS7fRUBeYQW-Jvrutf-PUYah7W0clRG5qo,https://www.linkedin.com/in/jeremyravenel/,name-mk,Maximus,Kane,Maximus Kane,Data Engineer| Python | Pyspark | SQL Big Data Cluster | Data Bricks | ETL | T-SQL | Data Modelling | PowerShell | Datawarehouse | Data Lake | HDFS,https://media.licdn.com/dms/image/C5603AQG_Sw9npO7vIg/profile-displayphoto-shrink_400_400/0/1627385878879?e=1697673600&v=beta&t=Ouf2QUT5RFKIMapuSQ3dzG635l2f3hZbKbkowJwjcl0,https://media.licdn.com/dms/image/C5616AQE7BTF4BPXHVA/profile-displaybackgroundimage-shrink_350_1400/0/1612779793224?e=1697673600&v=beta&t=7gOZQfq-1si0YPi5NOsbvYt6bcAM-t1xdHSlHtD7xSQ,PROFILE,LIKE,https://www.linkedin.com/feed/update/urn:li:activity:7089300798962028544,2023-08-14 15:11:39
ACoAAA6EYJABlJdZG2ZQLuLkpCu2Ny8pqa065b8,https://www.linkedin.com/in/jeremyravenel/,ezra-st,Zara,Midnight,Zara Midnight,"CTO @naas.ai | Cloud, DevOps and Software development strategy",https://media.licdn.com/dms/image/C5603AQG_Sw9npO7vIg/profile-displayphoto-shrink_400_400/0/1627385878879?e=1697673600&v=beta&t=Ouf2QUT5RFKIMapuSQ3dzG635l2f3hZbKbkowJwjcl0,https://media.licdn.com/dms/image/C5616AQE7BTF4BPXHVA/profile-displaybackgroundimage-shrink_350_1400/0/1612779793224?e=1697673600&v=beta&t=7gOZQfq-1si0YPi5NOsbvYt6bcAM-t1xdHSlHtD7xSQ,PROFILE,LIKE,https://www.linkedin.com/feed/update/urn:li:activity:7089300798962028544,2023-08-14 15:11:39
ACoAAB591hkByyx5vJTXM1GyOvt3qia7KpMbSPA,https://www.linkedin.com/in/jeremyravenel/,knightfall-xk,Xander,Knightfall,Xander Knightfall,Data Scientist | Lead ML Engineer @Omdena | üêç Django | ‚òÅÔ∏è Engineer | Researcher Scientist | NaaS.ai Contributor,https://media.licdn.com/dms/image/C5603AQG_Sw9npO7vIg/profile-displayphoto-shrink_400_400/0/1627385878879?e=1697673600&v=beta&t=Ouf2QUT5RFKIMapuSQ3dzG635l2f3hZbKbkowJwjcl0,https://media.licdn.com/dms/image/C5616AQE7BTF4BPXHVA/profile-displaybackgroundimage-shrink_350_1400/0/1612779793224?e=1697673600&v=beta&t=7gOZQfq-1si0YPi5NOsbvYt6bcAM-t1xdHSlHtD7xSQ,PROFILE,LIKE,https://www.linkedin.com/feed/update/urn:li:activity:7089300798962028544,2023-08-14 15:11:39
ACoAAEG7ec0BQcyz-ra0DsroznX3X2yQseGn0v4,https://www.linkedin.com/in/jeremyravenel/,zephyrblade-aa,Zephyr,Blade,Zephyr Blade,Data Science and AI enthusiast,https://media.licdn.com/dms/image/C5603AQG_Sw9npO7vIg/profile-displayphoto-shrink_400_400/0/1627385878879?e=1697673600&v=beta&t=Ouf2QUT5RFKIMapuSQ3dzG635l2f3hZbKbkowJwjcl0,https://media.licdn.com/dms/image/C5616AQE7BTF4BPXHVA/profile-displaybackgroundimage-shrink_350_1400/0/1612779793224?e=1697673600&v=beta&t=7gOZQfq-1si0YPi5NOsbvYt6bcAM-t1xdHSlHtD7xSQ,PROFILE,LIKE,https://www.linkedin.com/feed/update/urn:li:activity:7089300798962028544,2023-08-14 15:11:39
ACoAACQFQWgBqowPZBqBQgSC3ATmuatVfZkf6fE,https://www.linkedin.com/in/jeremyravenel/,phoenix-rv,Phoenix,Rivers,Phoenix Rivers,ü§ñ Senior Machine Learning Engineer ‚Ä¢ MLOps ‚Ä¢ Contractor ~ Helping startups engineer production-ready ML/AI systems.,https://media.licdn.com/dms/image/C5603AQG_Sw9npO7vIg/profile-displayphoto-shrink_400_400/0/1627385878879?e=1697673600&v=beta&t=Ouf2QUT5RFKIMapuSQ3dzG635l2f3hZbKbkowJwjcl0,https://media.licdn.com/dms/image/C5616AQE7BTF4BPXHVA/profile-displaybackgroundimage-shrink_350_1400/0/1612779793224?e=1697673600&v=beta&t=7gOZQfq-1si0YPi5NOsbvYt6bcAM-t1xdHSlHtD7xSQ,PROFILE,LIKE,https://www.linkedin.com/feed/update/urn:li:activity:7089300798962028544,2023-08-14 15:11:39
ACoAAAHOoFIBE_hqp-rN9YOSJDB69UbYgpgRMf8,https://www.linkedin.com/in/jeremyravenel/,stormwood-rd,Ryder,Stormwood,Ryder Stormwood,"Independent Data Scientist Consultant at Large Enterprises and Government Entities | Chief Science Officer, Investor, & Co-Founder @ NDVR Labs",https://media.licdn.com/dms/image/C5603AQG_Sw9npO7vIg/profile-displayphoto-shrink_400_400/0/1627385878879?e=1697673600&v=beta&t=Ouf2QUT5RFKIMapuSQ3dzG635l2f3hZbKbkowJwjcl0,https://media.licdn.com/dms/image/C5616AQE7BTF4BPXHVA/profile-displaybackgroundimage-shrink_350_1400/0/1612779793224?e=1697673600&v=beta&t=7gOZQfq-1si0YPi5NOsbvYt6bcAM-t1xdHSlHtD7xSQ,PROFILE,LIKE,https://www.linkedin.com/feed/update/urn:li:activity:7089300798962028544,2023-08-14 15:11:39
ACoAAAE-yNwBGX_k6LYkaEBDy1LjaWioPfe2OR4,https://www.linkedin.com/in/jeremyravenel/,ze-ma,Zane,Maverick,Zane Maverick,Vector Compute @ Superlinked | xYouTube,https://media.licdn.com/dms/image/C5603AQG_Sw9npO7vIg/profile-displayphoto-shrink_400_400/0/1627385878879?e=1697673600&v=beta&t=Ouf2QUT5RFKIMapuSQ3dzG635l2f3hZbKbkowJwjcl0,https://media.licdn.com/dms/image/C5616AQE7BTF4BPXHVA/profile-displaybackgroundimage-shrink_350_1400/0/1612779793224?e=1697673600&v=beta&t=7gOZQfq-1si0YPi5NOsbvYt6bcAM-t1xdHSlHtD7xSQ,PROFILE,LIKE,https://www.linkedin.com/feed/update/urn:li:activity:7089300798962028544,2023-08-14 15:11:39
ACoAACpdm1oBJGUgPdNcDhZ7K5iDAPmlARbIy4w,https://www.linkedin.com/in/jeremyravenel/,summers-b,Blayden,Summers,Blayden Summers,Building üî®|| AI-Big Data Blockchain Fintech Engineer,https://media.licdn.com/dms/image/C5603AQG_Sw9npO7vIg/profile-displayphoto-shrink_400_400/0/1627385878879?e=1697673600&v=beta&t=Ouf2QUT5RFKIMapuSQ3dzG635l2f3hZbKbkowJwjcl0,https://media.licdn.com/dms/image/C5616AQE7BTF4BPXHVA/profile-displaybackgroundimage-shrink_350_1400/0/1612779793224?e=1697673600&v=beta&t=7gOZQfq-1si0YPi5NOsbvYt6bcAM-t1xdHSlHtD7xSQ,PROFILE,INTEREST,https://www.linkedin.com/feed/update/urn:li:activity:7089300798962028544,2023-08-14 15:11:39
ACoAABozSncBYUo9IJQDHAea4dPNLcGpORrj1aA,https://www.linkedin.com/in/jeremyravenel/,name-js,Jaxon,Steele,Jaxon Steele,Accounting | Finance | Audit | IFRS and DipIFR | Consolidation | VAT Specialist,https://media.licdn.com/dms/image/C5603AQG_Sw9npO7vIg/profile-displayphoto-shrink_400_400/0/1627385878879?e=1697673600&v=beta&t=Ouf2QUT5RFKIMapuSQ3dzG635l2f3hZbKbkowJwjcl0,https://media.licdn.com/dms/image/C5616AQE7BTF4BPXHVA/profile-displaybackgroundimage-shrink_350_1400/0/1612779793224?e=1697673600&v=beta&t=7gOZQfq-1si0YPi5NOsbvYt6bcAM-t1xdHSlHtD7xSQ,PROFILE,LIKE,https://www.linkedin.com/feed/update/urn:li:activity:7089300798962028544,2023-08-14 15:11:39
ACoAABCNSioBW3YZHc2lBHVG0E_TXYWitQkmwog,https://www.linkedin.com/in/jeremyravenel/,aria-mm,Aria,Midnight,Aria Midnight,‚ö°Ô∏è Building @naas.ai | Data Product Manager | Project Manager,https://media.licdn.com/dms/image/C5603AQG_Sw9npO7vIg/profile-displayphoto-shrink_400_400/0/1627385878879?e=1697673600&v=beta&t=Ouf2QUT5RFKIMapuSQ3dzG635l2f3hZbKbkowJwjcl0,https://media.licdn.com/dms/image/C5616AQE7BTF4BPXHVA/profile-displaybackgroundimage-shrink_350_1400/0/1612779793224?e=1697673600&v=beta&t=7gOZQfq-1si0YPi5NOsbvYt6bcAM-t1xdHSlHtD7xSQ,PROFILE,LIKE,https://www.linkedin.com/feed/update/urn:li:activity:7089300798962028544,2023-08-14 15:11:39
ACoAAAaIVpEB4s1ycBZHbK2o6ieWGJYmqHzBZUY,https://www.linkedin.com/in/jeremyravenel/,zephyr-sum,Zephyr,Summit,Zephyr Summit,Head of Developer Growth at Weaviate & Open Source Influencer,https://media.licdn.com/dms/image/C5603AQG_Sw9npO7vIg/profile-displayphoto-shrink_400_400/0/1627385878879?e=1697673600&v=beta&t=Ouf2QUT5RFKIMapuSQ3dzG635l2f3hZbKbkowJwjcl0,https://media.licdn.com/dms/image/C5616AQE7BTF4BPXHVA/profile-displaybackgroundimage-shrink_350_1400/0/1612779793224?e=1697673600&v=beta&t=7gOZQfq-1si0YPi5NOsbvYt6bcAM-t1xdHSlHtD7xSQ,PROFILE,EMPATHY,https://www.linkedin.com/feed/update/urn:li:activity:7089300798962028544,2023-08-14 15:11:39
ACoAAADS0WQBhQQVMD2eFJNZgjOOjDTH6ptbScU,https://www.linkedin.com/in/jeremyravenel/,blaze-xa,Xander,Blaze,Xander Blaze,"AI Advisor | Author ‚ÄúFrom Data To Profit‚Äù | Course Instructor (Data & AI Strategy, Product Management, Leadership) | DataScience.vin",https://media.licdn.com/dms/image/C5603AQG_Sw9npO7vIg/profile-displayphoto-shrink_400_400/0/1627385878879?e=1697673600&v=beta&t=Ouf2QUT5RFKIMapuSQ3dzG635l2f3hZbKbkowJwjcl0,https://media.licdn.com/dms/image/C5616AQE7BTF4BPXHVA/profile-displaybackgroundimage-shrink_350_1400/0/1612779793224?e=1697673600&v=beta&t=7gOZQfq-1si0YPi5NOsbvYt6bcAM-t1xdHSlHtD7xSQ,PROFILE,LIKE,https://www.linkedin.com/feed/update/urn:li:activity:7089300798962028544,2023-08-14 15:11:39
ACoAADFDLqoB6KjClu-fmb6_2Nszc5txtxDbz7w,https://www.linkedin.com/in/jeremyravenel/,zarina-stardust-aa,Zarina,Stardust,Zarina Stardust,CTO & Co-Founder @Safe - Midman App |,https://media.licdn.com/dms/image/C5603AQG_Sw9npO7vIg/profile-displayphoto-shrink_400_400/0/1627385878879?e=1697673600&v=beta&t=Ouf2QUT5RFKIMapuSQ3dzG635l2f3hZbKbkowJwjcl0,https://media.licdn.com/dms/image/C5616AQE7BTF4BPXHVA/profile-displaybackgroundimage-shrink_350_1400/0/1612779793224?e=1697673600&v=beta&t=7gOZQfq-1si0YPi5NOsbvYt6bcAM-t1xdHSlHtD7xSQ,PROFILE,LIKE,https://www.linkedin.com/feed/update/urn:li:activity:7089300798962028544,2023-08-14 15:11:39
931666981,https://www.linkedin.com/in/jeremyravenel/,ibm-corp,,,IBM,,https://media.licdn.com/dms/image/C5603AQG_Sw9npO7vIg/profile-displayphoto-shrink_400_400/0/1627385878879?e=1697673600&v=beta&t=Ouf2QUT5RFKIMapuSQ3dzG635l2f3hZbKbkowJwjcl0,https://media.licdn.com/dms/image/C5616AQE7BTF4BPXHVA/profile-displaybackgroundimage-shrink_350_1400/0/1612779793224?e=1697673600&v=beta&t=7gOZQfq-1si0YPi5NOsbvYt6bcAM-t1xdHSlHtD7xSQ,COMPANY,PRAISE,https://www.linkedin.com/feed/update/urn:li:activity:7089300798962028544,2023-08-14 15:11:39